scenario,stat_type,mae,bias,sample_size
Healthy,PTS,4.425471368818702,0.33461967350955973,5010
Healthy,REB,1.8735786061443969,0.12456528051884588,5010
Healthy,AST,1.325410965581735,0.09638499345429644,5010
